{
  "took" : 1,
  "timed_out" : false,
  "_shards" : {
    "total" : 1,
    "successful" : 1,
    "failed" : 0
  },
  "hits" : {
    "total" : 1,
    "max_score" : 7.2022347,
    "hits" : [ {
      "_index" : "yelp",
      "_type" : "checkin",
      "_id" : "4bEjOyTaDG24SY5TxsaUNQ",
      "_score" : 7.2022347,
      "_source":{"checkin_info": {"22-6": 63, "22-5": 110, "22-4": 61, "22-3": 46, "22-2": 28, "22-1": 31, "22-0": 36, "19-5": 208, "19-4": 134, "19-6": 101, "19-1": 71, "19-0": 88, "19-3": 83, "19-2": 91, "11-5": 238, "11-4": 97, "11-6": 212, "11-1": 53, "11-0": 131, "11-3": 69, "11-2": 51, "12-6": 270, "12-4": 79, "12-5": 231, "12-2": 37, "12-3": 87, "12-0": 94, "12-1": 64, "16-2": 23, "16-3": 31, "16-0": 31, "16-1": 12, "16-6": 37, "16-4": 35, "16-5": 45, "21-4": 104, "21-5": 174, "21-6": 91, "21-0": 72, "21-1": 51, "21-2": 65, "21-3": 85, "20-2": 53, "20-4": 112, "20-6": 111, "15-1": 18, "15-0": 32, "15-3": 26, "15-2": 28, "15-5": 76, "15-4": 33, "15-6": 64, "18-0": 50, "18-1": 52, "18-2": 62, "18-3": 75, "18-4": 110, "18-5": 186, "18-6": 83, "6-4": 1, "6-5": 1, "6-0": 1, "9-4": 75, "8-4": 33, "8-5": 53, "8-6": 45, "8-0": 24, "8-1": 24, "8-2": 26, "8-3": 16, "20-1": 70, "20-0": 63, "23-2": 11, "23-3": 15, "23-0": 7, "23-1": 8, "23-6": 16, "23-4": 33, "23-5": 54, "20-3": 89, "0-4": 6, "0-5": 15, "0-6": 10, "2-1": 1, "2-6": 4, "0-1": 3, "2-4": 2, "2-5": 1, "13-3": 58, "13-2": 49, "13-1": 46, "13-0": 78, "13-6": 182, "13-5": 184, "13-4": 86, "9-1": 46, "9-0": 53, "9-3": 43, "9-2": 39, "9-5": 116, "4-5": 1, "4-6": 1, "9-6": 95, "7-3": 10, "7-2": 11, "7-1": 13, "7-0": 12, "20-5": 168, "7-6": 12, "7-5": 19, "7-4": 16, "17-6": 67, "17-5": 95, "17-4": 48, "17-3": 42, "17-2": 29, "17-1": 36, "17-0": 37, "10-0": 78, "10-1": 52, "10-2": 44, "10-3": 57, "10-4": 96, "10-5": 195, "10-6": 163, "2-2": 1, "2-3": 2, "2-0": 1, "0-0": 3, "0-2": 3, "0-3": 5, "14-4": 49, "14-5": 94, "14-6": 106, "14-0": 50, "14-1": 37, "14-2": 32, "14-3": 28, "1-1": 2, "1-0": 1, "1-3": 2, "1-2": 2, "1-5": 6, "1-4": 1, "1-6": 2, "5-5": 2, "5-0": 1, "5-3": 1, "5-2": 2, "3-6": 3, "3-5": 4, "3-0": 1}, "type": "checkin", "business_id": "4bEjOyTaDG24SY5TxsaUNQ"}
    } ]
  }
}
